Model,Validation Accuracy,Validation F1 (macro),CV F1 (macro)
LightGBM,0.8350515463917526,0.7033816425120772,0.742963833850898
CatBoost,0.845360824742268,0.6606060606060606,0.579871548741114
XGBoost Enhanced,0.845360824742268,0.6570325948137042,0.5668262848262848
Explainable Boosting Machine,0.865979381443299,0.7361403903270839,0.5947042908782039
Random Forest,0.865979381443299,0.598951936461148,0.575820797559928
